ID,Kürzel,Jahr,Titel,Band,Autor - Nachname,Vorname,Ort,Verlag,Kommentar,Zotero,Anmerkung,Zitat,Periode,Quelle_Typ,Quelle_Subtyp,Quelle_Spezifikation
Achleitner1884,Achleitner 1884,1884,"Aus dem Walde. Lieder. ""Im wunderschönen Monat Mai ..."". Überackern 1884",,Kellnarn,Karl,,Überackern,,,,,,Literatur,Literar.Text,Lieder
Achleitner1889,Achleitner 1889,1889,Weil ma’ in d’Welt taug’n Gedichte in oberösterreichischer Mundart.,,,,Hamburg,,,,erg. MHF,"Achleitner 1889 = Achleitner, C. (1889). Weil ma’ in d’Welt taug’n! Gedichte in oberösterreichischer Mundart. Hamburg",,Literatur,Literar.Text,Gedichte
Adelung1796II,Adelung 1796 II,1796,"Grammatisch-kritisches Wörterbuch der hochdeutschen Mundart, mit beständiger Vergleichung der übrigen Mundarten, besonders aber der Oberdeutschen.",Band 2: F–L,Societad Retorumantscha (Hrsg.),Johann Christoph,Leipzig,Johann Gottlob Immanuel Breitkopf und Compagnie,,1,,,,Literatur,Fachliteratur,Wörterbuch
Alton1897,Alton 1897,1897,"Die ladinischen Idiome in Ladinien, Gröden, Fassa, Buchenstein, Ampezzo",,Alton,Johann,Innsbruck,Wagner'sche,,,,,,Literatur,,
Arbeiterztg,Arbeiterztg.,1889–1934. 1945–1985,Arbeiterzeitung. Zentralorgan der SozialistischenPartei Österreichs,,,,Wien,,,,,,,Literatur,Journalist.Text,Zeitung
Artmann1958,Artmann 1958,1958,med ana schwoazzn dintn. gedichta r aus bradnsee. 8. Aufl.,,Artmann,Hans Carl,Salzburg,,,,,,,Literatur,Literar.Text,Gedichte
AWB_online,AWB online,,Althochdeutsches Wörterbuch. Auf Grund der von Elias v. Steinmeyer hinterlassenen Sammlungen im Auftrag der Sächsischen Akademie der Wissenschaften zu Leipzig. Online verfügbar unter http://awb.saw-leipzig.de/,,,,Leipzig,Akademie-Verlag,https://www.saw-leipzig.de/de,,,,,Literatur,Fachliteratur,Wörterbuch
AWB1968I,AWB 1968 I,1968,"AWB = Althochdeutsches Wörterbuch. Auf Grund der von Elias von Steinmeyer hinterlassenen Sammlungen, im Auftrag der Sächsischen Akademie der Wissenschaften zu Leipzig begr. v. Elisabeth Karg-Gasterstädt u. Theodor Frings",Band 1: A und B,Karg-Gasterstädt/Frings (Hrsg.),Elisabeth/Theodor,Berlin,Akademie-Verlag,,1,,,,Literatur,Fachliteratur,Wörterbuch
AWB1985III,AWB 1985 III,1985,"AWB = Althochdeutsches Wörterbuch. Auf Grund der von Elias von Steinmeyer hinterlassenen Sammlungen, im Auftrag der Sächsischen Akademie der Wissenschaften zu Leipzig begr. v. Elisabeth Karg-Gasterstädt u. Theodor Frings",Band 3: E und F,Große (Hrsg.),Rudolf,Berlin,Akademie-Verlag,,1,,,,Literatur,Fachliteratur,Wörterbuch
AWB1997II,AWB 1997 II,1997,"AWB = Althochdeutsches Wörterbuch. Auf Grund der von Elias von Steinmeyer hinterlassenen Sammlungen, im Auftrag der Sächsischen Akademie der Wissenschaften zu Leipzig begr. v. Elisabeth Karg-Gasterstädt u. Theodor Frings.",Band 2: C und D,Große (Hrsg.),Rudolf,Berlin,Akademie-Verlag,,1,,,,Literatur,Fachliteratur,Wörterbuch
AWB2002IV,AWB 2002 IV,2002,"AWB = Althochdeutsches Wörterbuch. Auf Grund der von Elias von Steinmeyer hinterlassenen Sammlungen, im Auftrag der Sächsischen Akademie der Wissenschaften zu Leipzig begr. v. Elisabeth Karg-Gasterstädt u. Theodor Frings",Band 4: G–J,Große (Hrsg.),Rudolf,Berlin,Akademie-Verlag,,1,,,,Literatur,Fachliteratur,Wörterbuch
AWB2009V,AWB 2009 V,2009,"AWB = Althochdeutsches Wörterbuch. Auf Grund der von Elias von Steinmeyer hinterlassenen Sammlungen, im Auftrag der Sächsischen Akademie der Wissenschaften zu Leipzig begr. v. Elisabeth Karg-Gasterstädt u. Theodor Frings.",Band 5: K und L,Große (Hrsg.),Rudolf,Berlin,Akademie-Verlag,,,,,,Literatur,Fachliteratur,Wörterbuch
Bauer1967,Bauer 1967,1967,Lautlehre der Mundart des Lungaus mit besonderer Berücksichtigung von Zederhaus. Diss. (masch.),,Bauer ,Werner,Wien,,,1,,,,Literatur,Fachliteratur,Dissertation
BDO,BDO,,"BDO | Bayerns Dialekte Online, https://bdo.badw.de/",,,,,,,,,,,Literatur,Fachliteratur,Wörterbuch
Bergmann2007,Bergmann 2007,2007,"Gröfel, Gröben 'Steinhaufen' – Dialektologisches und Namenkundliches rund um einen Slawismus im Bairischen. In Jezikoslovni zapiski 13(1–2), S. 43–58.",,Bergmann,Hubert,,,,,,,,Literatur,Fachliteratur,Wiss.Zeitschriftenartikel
Binder1968,Binder 1968,1986,Die Mundart von Prambachkirchen bei Eferding,,Binder,Gerda,Wien,Notring,,,,,,Literatur,,
BMZ1854I,BMZ 1854 I,1854,Mittelhochdeutsches Wörterbuch. Mit Benutzung des Nachlasses von Georg Friedrich Benecke ausgearbeitet von Wilhelm Müller und Friedrich Zarncke,Band 1: A–L,Benecke/Müller/Zarncke,Georg Friedrich/Wilhelm/Friedrich,Leipzig,Hirzel,,1,,,,Literatur,Fachliteratur,Wörterbuch
BMZ1861III,BMZ 1861 III,1861,Mittelhochdeutsches Wörterbuch. Mit Benutzung des Nachlasses von Georg Friedrich Benecke ausgearbeitet von Wilhelm Müller und Friedrich Zarncke,Band 3: T–Z,Benecke/Müller/Zarncke,Georg Friedrich/Wilhelm/Friedrich,Leipzig,Hirzel,,1,,,,Literatur,Fachliteratur,Wörterbuch
BMZ1863II1,BMZ 1863 II/1,1863,Mittelhochdeutsches Wörterbuch. Mit Benutzung des Nachlasses von Georg Friedrich Benecke ausgearbeitet von Wilhelm Müller und Friedrich Zarncke,Band 2/1: M–R,Benecke/Müller/Zarncke,Georg Friedrich/Wilhelm/Friedrich,Leipzig,Hirzel,,1,,,,Literatur,Fachliteratur,Wörterbuch
BMZ1866II2,BMZ 1866 II/2,1866,Mittelhochdeutsches Wörterbuch. Mit Benutzung des Nachlasses von Georg Friedrich Benecke ausgearbeitet von Wilhelm Müller und Friedrich Zarncke,Band 2/2: S,Benecke/Müller/Zarncke,Georg Friedrich/Wilhelm/Friedrich,Leipzig,Hirzel,,1,,,,Literatur,Fachliteratur,Wörterbuch
Braun1958,Braun 1958,1958,Die Mundart von Rohrendorf an der Pulkau. Sprachbiologische Untersuchungen. Diss. (masch.) ,,Braun,Ingeborg,Wien,,,1,,,,Literatur,Fachliteratur,Dissertation
Braun1975,Braun 1975,1975,"Der mundartliche Wortschatz des Burgenlandes, erarbeitet an Hand der Tonaufnahmen der Wörterbuchkommission der Österreichischen Akademie der Wissenschaften.",,Braun,Annemarie,Wien,Diss. ,,,,,,Literatur,Fachliteratur,Wörterbuch
Bredenbrücker1901,STirId. 1901,1901,"Erklärung einiger in Südtirol gebräuchlicher Wörter. In: ders.: Unterm Liebesbann. Erzählung aus Südtirol. Bd. 2, 277–332",,Bredenbrücker,Richard,Berlin,F. Fontane & Co.,,1,,,,Literatur,Literar.Text,Prosa
Bruckner1910,Bruckner 1910,1910,Auf da´ Sunnseitn. Gedichte in n.-ö. Mundart,,Bruckner,Anton,St. Pölten,,,,,,,Literatur,Literar.Text,Gedichte
Brunbauer1956,Brunbauer 1956,1956,"Die dialektgeographische Struktur des westlichen Niederösterreich zwischen Enns, Donau, Erlaf, steirischer Landesgrenze",,Brunbauer,Elfriede,Innsbruck,,,,,,,Literatur,,
Burnadz1966,Burnadz 1966,1966,Die Gaunersprache der Wiener Galerie,,Burnadz,Julian Marian,Lübeck,Verl. f. polizeiliches Fachschrifttum Georg Schmidt-Römhild,,1,,,,Literatur,Fachliteratur,Wörterbuch
Chiavacci1947,Chiavacci 1947,1947,Aus der stillen Zeit. Wiener Roman aus den fünfziger Jahren des vorigen Jahrhunderts,,Chiavacci,Vincenz,Wien,Gerlach & Wiedling,,,,,,Literatur,Literar.Text,Prosa
Christoph1966,Christoph 1966,1966,Beobachtungen zum gegenwärtigen Sprachwandel in Lautstand und Wortschatz der Mundard von Sölden im Ötztal [Tir.],,Christoph,Horst Edwin,Innsbruck,,,,,,,Literatur,,
DerSchlern1920,Der Schlern 1920,1920–1938. 1946–lfd.,Der Schlern. Monatszeitschrift für Südtiroler Landeskunde,,,,Bozen,,,1,"Allgemeine Quellenangabe ""Der Schlern"" nicht notwendig, weil Einzelangaben?",,,Literatur,Fachliteratur,Wiss.Zeitschrift
DiePresse,Die Presse,1982,Die Presse,,,,Wien,,,,,,,Literatur,Journalist.Text,Zeitung
Döbel1786,Döbel 1786,1786,"Heinrich Wilhelm Döbels neueröffnete Jägerpraktik, oder der wohlgeübte und erfahrne Jäger: worinn eine vollständige Anweisung zur ganzen hohen und niedern Jagdwissenschaft in vier Theilen enthalten ist, alles aus vieljähriger eigenen Erfahrung gründlich und deutlich beschrieben. Mit vielen Kupfern und Grundrissen",,Döbel,Heinrich Wilhelm,Wien,Edler von Trattner,,1,,,,Literatur,,
DRG1975VI,DRG 1975 VI,1975,Dicziunari Rumantsch Grischun,Band 6: F,Societad Retorumantscha (Hrsg.),,Cuoira,Inst. dal Dicziunari Rumantsch Grischun,,1,,,,Literatur,Fachliteratur,Wörterbuch
DRWIV,DRW IV,1951,Deutsches Rechtswörterbuch. Wörterbuch der älteren deutschen Rechtsprache. Hrsg. Von der Heidelberger Akademie der Wissenschaften. Online-Version verfügbar unter https://drw-www.adw.uni-heidelberg.de/drw-cgi/zeige,Band IV Geleitlich bis Handangelobung,,,Wien,Hermann Böhlaus Nachf.,https://drw-www.adw.uni-heidelberg.de/drw-cgi/zeige,,,,,Literatur,Fachliteratur,Wörterbuch
Duden_online,Duden online,,Duden online,,Dudenredaktion,,,,,1,,,,Literatur,Fachliteratur,Wörterbuch
Duden2014,Duden 2014,2014,Das Herkunftswörterbuch. Etymologie der deutschen Sprache,,Dudenredaktion,,Berlin,Dudenverlag,,1,,,,Literatur,Fachliteratur,Wörterbuch
Duden2015,Duden 2015,2015,Deutsches Universalwörterbuch. Das umfassende Bedeutungswörterbuch der deutschen Gegenwartssprache,,Dudenredaktion,,Berlin,Dudenverlag,,1,,,,Literatur,Fachliteratur,Wörterbuch
DWB_Neub_online_A-F,DWB Neub. online A-F,,"Deutsches Wörterbuch von Jacob Grimm und Wilhelm Grimm / Neubearbeitung (A-F), digitalisierte Fassung im Wörterbuchnetz des Trier Center for Digital Humanities",,,,,,https://www.woerterbuchnetz.de/DWB2,,,,,Literatur,Fachliteratur,Wörterbuch
DWB1854I,DWB 1854 I,1854,Deutsches Wörterbuch,Band 1: A–Biermolke,Grimm/Grimm,Jacob/Wilhelm,Leipzig,HIrzel,,1,,,,Literatur,Fachliteratur,Wörterbuch
DWB1862III,DWB 1862 III,1862,Deutsches Wörterbuch,Band 3: E–Forsche,Grimm/Grimm,Jacob/Wilhelm,Leipzig,Hirzel,,1,,,,Literatur,Fachliteratur,Wörterbuch
DWB1873V,DWB 1873 V,1873,Deutsches Wörterbuch,Band 5: K–Kyrie eleison,Grimm/Grimm,Jacob/Wilhelm,Leipzig,Hirzel,,1,,,,Literatur,Fachliteratur,Wörterbuch
DWB1878IV,DWB 1878 IV,1878,Deutsches Wörterbuch,Band 4: Forschel-J,Grimm/Grimm,Jacob/Wilhelm,Leipzig,,,,,,,Literatur,Fachliteratur,Wörterbuch
DWB1878IV/I/1,DWB 1878 IV/I/1,1878,Deutsches Wörterbuch,Band 4/I/1: Forschel – Gefolgsmann,Grimm/Grimm,Jacob/Wilhelm,Leipzig,Hirzel,,1,,,,Literatur,Fachliteratur,Wörterbuch
DWB1889VII,DWB 1889 VII,1889,Deutsches Wörterbuch,Band 7: N–Q,Grimm/Grimm,Jacob/Wilhelm,Leipzig,Hirzel,,1,,,,Literatur,Fachliteratur,Wörterbuch
DWB1899IX,DWB 1899 IX,1899,Deutsches Wörterbuch,Band 9:  Schiefeln – Seele,Grimm/Grimm,Jacob/Wilhelm,Leipzig,Hirzel,,,,,,Literatur,Fachliteratur,Wörterbuch
DWB1934IVIVI,DWB 1935 IV/I/IV,1935,Deutsches Wörterbuch,Band IV/I/6: Greander – Gymnastik,Grimm/Grimm,Jacob/Wilhelm,Leipzig,Hirzel,,,,,,Literatur,Fachliteratur,Wörterbuch
DWB1942X/IV,DWB 1942 X/IV,1942,Deutsches Wörterbuch,Band 10/4: Strom–Szische,Grimm/Grimm,Jacob/Wilhelm,Leipzig,Hirzel,,,,,,Literatur,Fachliteratur,Wörterbuch
DWB1951XII/II,DWB 1951 XII/II,1951,Deutsches Wörterbuch,Band 12/2: Vesche-Vulkanisch,Grimm/Grimm,Jacob/Wilhelm,Leipzig,,,,,,,Literatur,Fachliteratur,Wörterbuch
DWB1955XIV/I/1,DWB 1955 XIV/I/1,1955,Deutsches Wörterbuch,Band 14/I/1; Weh – Wendunmut,Grimm/Grimm,Jacob/Wilhelm,Leipzig,Hirzel,,,,,,Literatur,Fachliteratur,Wörterbuch
DWB1956XII,DWB 1956 XII,1956,Deutsches Wörterbuch,Band 12: V,Grimm/Grimm,Jacob/Wilhelm,Leipzig,Hirzel,,1,,,,Literatur,Fachliteratur,Wörterbuch
DWB1958VIII,DWB 1958 VIII,1958,Deutsches Wörterbuch,Band 8: Glibber - Gräzist,Grimm/Grimm,Jacob/Wilhelm,Leipzig,Hirzel,,,,,,Literatur,Fachliteratur,Wörterbuch
Ebner1966,Ebner 1966,1966,Die Mundart des Mondseelandes. Diss.,,Ebner ,Jakob,Wien,,,,,,,Literatur,Fachliteratur,Dissertation
Ebner2019,Ebner 2019,2019,"Österreichisches Deutsch: Wörterbuch der Gegenwartssprache in Österreich. 5., völlig überarbeitete und erweiterte Auflage",,Ebner,Jakob,Berlin,Dudenverlag,,1,,,,Literatur,Fachliteratur,Wörterbuch
Edelmann1947,Edelmann 1947,1947,"Das blaue Montaghaus. Bilder aus dem Volksleben des vergangenen, alten Wien.",,Edelmann,Karl,Wien,,,,,,,Literatur,,
ElsWb_online,ElsWb online,,"Wörterbuch der elsässischen Mundarten, digitalisierte Fassung im Wörterbuchnetz des Trier Center for Digital Humanities, <https://www.woerterbuchnetz.de/ElsWB>",,,,,,https://www.woerterbuchnetz.de/ElsWB,,,,,Literatur,Fachliteratur,Wörterbuch
ESSČ_online,ESSČ online,2006–,Elektronický slovník staré češtiny. Online,,,,Praha,Ústav pro jazyk český Akademie věd České republiky,http://vokabular.ujc.cas.cz,,,,,Literatur,Fachliteratur,Wörterbuch
EWAonline,EWA online,,"Etymologisches Wörterbuch des Althochdeutschen, https://ewa.saw-leipzig.de/de",,,,,,,,,,,Literatur,Fachliteratur,Wörterbuch
Fellöcker1885,Fellöcker 1885,1885,Kripplgsangl und Kripplspiel in der oberösterreichischen Volksmundart,Band 6,Fellöcker,Sigmund,Linz,,,,,,,Literatur,,
Fiala1965,Fiala 1965,1965,Mundartkundliches und Sachliches in der Bauernarbeit im Großarltal (Salzburg),,Fiala,Karl,Wien,,,,,,,Literatur,,
Fink1968,Fink 1968,1968,"Der tirolisch-mundartliche Konjunktiv. Neue, veraltete und Erinnerungsformen in Südtirol. In: ZsSchlern 42 (1968) 487-492",,Fink,Hans,,,,,,,,Literatur,,
Fink1972,Fink 1972,1972,"Tiroler Wortschatz an Eisack, Rienz und Etsch",,Fink,Hans,Innsbruck / München,Wagner,,1,,,,Literatur,Fachliteratur,Wörterbuch
Follrich1966,Follrich 1966,1966,Die Mundart von Ernstbrunn in Niederösterreich und seiner Umgebung. Diss. (masch.),,Follrich,Gertraud,Wien,,,1,,,,Literatur,Fachliteratur,Dissertation
Frimberger1895,Frimberger 1895,1895,Wia d’ Leut’ san und wia s’ sein söll’n. Gedichte in nieder-österreichischer Mundart.,,Frimberger,Johann Georg,Stuttgart,,,,,,,Literatur,Literar.Text,Gedichte
Frings1966,Frings 1966 I,1966,Germania Romana. 2. Auflage (= Mitteldeutsche Studien 19/1),Band 1,Frings/Müller,Theodor/Gertraud,Halle (Saale),Niemeyer,,1,,,,Literatur,,
Frings1968,Frings 1968 II,1968,Germania Romana. 2. Auflage (= Mitteldeutsche Studien 19/2),Band 2,Frings/Müller,Theodor/Gertraud,Halle (Saale),Niemeyer,,1,,,,Literatur,,
Frühnhd_online,Frühnhd. Wb. online,,Frühneuhochdeutsches Wörterbuch online,,Akademie der Wissenschaften zu Göttingen,,,,,1,,,,Literatur,Fachliteratur,Wörterbuch
Fuchs1930,Fuchs 1930,1930,Die Bauernkost im Sulmtale. In: Zeitschrift für Volkskunde 39 = NF 1. 26–50.,,Fuchs,Hans Maria,,,,,,,,Literatur,,
Gappmayr1938,Gappmayr 1938,1938,"Der Vokalismus der Mundart von Großarl, Salzburg. Diss. (hs.)",,Gappmayr,Johann,Innsbruck,,,1,,,,Literatur,Fachliteratur,Dissertation
Gathy1840,Gathy 1840,1840,"Musikalisches Conversations-Lexikon.  Encyklopädie der gesammten Musik-Wissenschaft für Künstler, Kunstfreunde und Gebildete. 2. verm. und verb. Aufl.",,Gathy,August,Hamburg,Niemayer,,1,,,,Literatur,,
Geiger1956,Geiger 1956,1956,Lautstand und Volksleben in der Mundart von Puchberg am Schneeberg,,Geiger,Brunhilde,Wien,,,,,,,Literatur,,
Glawischnig1948,Glawischnig 1948,1948,Der Kronawöttarhof. Karntnar Bildarbuach. ,,Glawischnig,Gerhard,Graz / Wien,,,,,,,Literatur,,
Goldbacher1904,Goldbacher 1904,1904,Gmüatlichö Sach'n. Gedichte in oberösterreichischer Mundart,,Goldbacher,Gregor,Steyr,Verlag der Sandbökschen Buchhhandlung,,1,,,,Literatur,Literar.Text,Gedichte
Graber1944,Graber 1944,1944,Sagen aus Kärnten,,Graber,Georg,Graz,Leykam,,,,,,Literatur,,
Grasberger (1885) Plodersam Geistl'n-G'schichten,Grasberger 1885,1885,"Plodersam. Geistli’n-G’schichtn, g’sangsweis dazält",,Grasberger,Hans,Leipzig,,,,,,,Literatur,,
Grazer_TP,Grazer Tagespost,1861-1945,Grazer Tagespost,,,,Graz,,,,,,,Literatur,Journalist.Text,Zeitung
GrazerVolksblatt,Grazer Volksblatt,1868–1939,Grazer Volksblatt,,,,,,,,auf Anno verfügbar,,,Literatur,Journalist.Text,Zeitung
Greinz1912,Greinz 1912,1912,Hin ist hin! Lutige Marterln von Rudolf Greinz. 1.–3. Taus.,,Greinz,Rudolph-Heinrich,Leipzig,L. Staackmann,,,,,,Literatur,,
Greinz1913,Greinz 1913,1913,Unterm roten Adler. Lustige Tiroler Geschichten. ,,Greinz,Rudolf Heinrich,Leipzig,,,,,,,Literatur,Literar.Text,Prosa
Grünn1960,Grünn 1960,1960, Die Pecher : Volkskunde aus dem Lebenskreis des Waldes,,Grünn,Helene,Wien / München,Manutiuspresse,,,,,,Literatur,,
Häberlein2006,Häberlein 2006,2006,The Fuggers of Augsburg: Pursuing Wealth and Honor in Renaissance Germany,,Häberlein,Mark,Charlottesville / London,University of Virginia Press,,,,,,Literatur,,
HDAVII,HDA VII,1935,Handwörterbuch des deutschen Aberglaubens,Band 7: Pflügen–Signatur,Hoffmann-Krayer/Bächtold-Stäubli,Eduard/Hanns,Berlin / Leipzig,De Gruyter,,1,,,,Literatur,Fachliteratur,Wörterbuch
Herzmansky1969,Herzmansky 1969,1969,"Der alte Wortschatz der Bauern, Handwerker und Knappen in der Umgebung von Villach. Diss. (masch.)",,Herzmansky,Solveig,Wien,,,1,,,,Literatur,Fachliteratur,Dissertation
Hiermanseder1968,Hiermanseder 1968,1968,Die Mundart von Suben im Innviertel (OÖ). Untersuchungen am Wortschaftz und an den Reihenverhältnissen im Vokalismus,,Hiermanseder,Helga,Wien,,,,,,,Literatur,,
Hilpert1959,Hilpert 1959,1959,Die Bienenzucht in der Sprache der alten Mühlviertler. In: Der oberösterreichische Imker.,,Hilpert,Max,Linz,,,,,,,Literatur,,
Hintner1878,Hintner 1878,1878,Der Deferegger Dialekt (=Beiträge zur tirolischen Dialektforschung),,Hintner,Valentin,Wien,,,,,,,Literatur,,
Hoamatgsang1930_1,"Hoamátgsang 1930, 1",1930,Hoamátgsang. Jahrbuch des Vereins „Bund Oberösterreichischer Mundartdichter“.,Jahrgang 1,Goldbacher/Mayer,Gregor/Karl,Linz,,,,"Herausgeber, keine Autoren",,,Literatur,,
Hoeniger1946,Hoeniger 1946,1946,"Südtiroler Weinfibel. Weinchronik, Weinreise, Weinkost, Weinwörterbuch, Weinschriften",,Hoeniger,Karl Theodor,Bozen,Verlag des Südtiroler Künstlerbundes,,1,,,,Literatur,Fachliteratur,Wörterbuch
Höfer1815,Höfer 1815,1815,"Etymologisches Wörterbuch der in Oberdeutschland, vorzüglich aber in Österreich üblichen Mundart",3 Teile,Höfer,Matthias,Linz,Kastner,,1,1. in Excel-Tabelle Kürzel: „Höfer 1815“ 2. Sollten die drei Bände besser einzeln angegeben werden?,,,Literatur,Fachliteratur,Wörterbuch
Höfer1894,Höfer 1894,1894,Die Volksnamen der Vögel in Niederösterreich,,Höfer,Franz,Wien,Franz Höfer,,1,,,,Literatur,,
HöferKronfeld1880,Höfer/Kronfeld 1889,1889,Die Volksnamen der niederösterreichischen Pflanzen,,Höfer/Kronfeld,Franz/Moritz,Wien,Blätter des Vereins für niederiederösterreichische Landeskunde,,,,,,Literatur,,
Holzer1943,Holzer 1943,1943,Wiener Volks-Humor. Harfenisten und Volkssänger,,Holzer,Rudolf,Wien,Andermann Verl.,,1,,,,Literatur,,
Hönig1922,Hönig 1922,1922,"Unsá Landl: Gedichte in oberösterreichischer Mundart; 9., veränderte und bereicherte Auflage",,Hönig,Franz,Linz a. d. Donau,Steurer,,,,,,Literatur,Literar.Text,Gedichte
Hopfgartner1970,Hopfgartner 1970,1970,Lautlehre der Mundart des Ahrntales in Südtirol. Diss. (masch.),,Hopfgartner,Hubert,Wien,,,,,,,Literatur,Fachliteratur,Dissertation
Hörman1895,Hörmann 1895,1895,Gut aufg'legt. Neue G’schichten und Gedicht’ln,,Hörmann,Leopold,Dresden / Leipzig / Wien,,,,,,,Literatur,Literar.Text,Gedichte
Hornung1964,Hornung 1964,1964,Mundartkunde Osttirols. Eine dialektgeographische Darstellung mit volkskundlichen Einblicken in die altbäuerliche Lebenswelt. Mit 39 laut- und wortkundlichen Karten und 61 Abbildungen.,,Hornung,Maria,Wien,,,,,,,Literatur,,
Hornung1968,Hornung 1968,1968,"Die Mundart des oberen und mittleren Mölltales. In: Prasch, Helmut: Um die Möll. Volkskunde eines Kärntner Tales. 81-84.",,Hornung,Maria,Spittal/Drau,Bezirksheimatmuseum Spittal a. d. Drau,,1,,,,Literatur,,
Hruschka1933,Hruschka 1933,1933,Die bildhafte Sprache des Volkes,ZsWaldv. 6,Hruschka,Rudolf,Waldv.,Zeitschrift Waldviertel ,,,,,,Literatur,,
Hubatschek1948,Hubatschek 1948,1948,Über die Alltagskost beim Tiroler Bergbauern. In: Schlern-Schriften 53. 159-178,,Hubatschek,Erika,,,,,,,,Literatur,,
Hügel1873,Hügel 1873,1873,Der Wiener Dialekt. Lexikon der Wiener Volkssprache (Idioticon Viennense),,Hügel,Franz S.,Wien / Pest / Leipzig,A. Hartleben,,1,,,,Literatur,,
Hupfauf1956,Hupfauf 1956,1956,"Sagen, Brauchtum und Mundart im Zillertal. (= Schlern-Schriften 148)",,Hupfauf,Erich,Innsbruck/München,Universitätsverlag Wagner,,,,,,Literatur,,
Huppmann1960,Huppmann 1960,1960,Die Mundart von Judenau im südlichen Tullnerfeld und seiner Umgebung. Sprachbiologische Untersuchungen,,Huppmann,Gerhard,Wien,,,,,,,Literatur,,
HWBRator1994II,HWB Rätorom. 1994 II,1994,"Handwörterbuch des Rätoromanischen. Wortschatz aller Schriftsprachen, einschliesslich Rumantsch Grischun, mit Angaben zur Verbreitung und Herkunft",Band 2: N–Z,Bernardi/Stricker,Rut/Hans,Zürich,Offizin-Verlag,,,,,,Literatur,Fachliteratur,Wörterbuch
Insam1954,Insam 1954,1954,Wörter und Sachen im Bereich der Frau in der Gemeinde Serfaus - Tirol. Diss. (masch.),,Insam,Irma,Innsbruck,,,1,,,,Literatur,Fachliteratur,Dissertation
Jungmann1835I,Jungmann 1835 I,1835,Slovník česko-německý,Band 1: A-J,Jungmann,Josef,Praha,Vydání první,,,,,,Literatur,,
Jungmann1836II,Jungmann 1836 II,1836,Slovník česko-německý,Band 2: K-O,Jungmann,Josef,Praha,Vydání první,,,,,,Literatur,,
Kaltenbrunner1878,Kaltenbrunner 1878,1878,"Oberösterreichische Gedichte. Aus dem Nachlasse hg. von Radics-Kaltenbrunner, Hedwig von",,Kaltenbrunner ,Karl Adam,Linz,,,,,,,Literatur,Literar.Text,Gedichte
Karner1930,Karner 1930,1930,Lautlehre der hienzischen Mundart von Reichnitz und Umgebung. Diss. (masch.),,Karner,Hans,Wien,,,,,,,Literatur,Fachliteratur,Dissertation
KärntischesWb1862,Kärntisches Wb. 1862,1862,Kärntisches Wörterbuch. Mit einem Anhange: Weihnacht-Spiele und Lieder aus Kärnten.,,Lexer,Matthias,Leipzig,Hirzel,340 Spalten,1,,,,Literatur,Fachliteratur,Wörterbuch
KärntnerischesId1862,Kärntnerisches Id. 1862,1862,Anton Ueberfelder’s Kärntnerisches Idiotikon,,Überfelder,Anton,Klagenfurt,Johann Leon,,1,,,,Literatur,,
Kartsch1845,Kartsch 1845,1845,Feldbleameln für seine liaw’n Landsleut z’samma brockt (Gedichte in österr. Mundart),,Kartsch,Josef,Wien,"Wimmer, Schmidt & Leo",,,,,,Literatur,Literar.Text,Gedichte
Kikieriki,Kikeriki,1861–1933,Kikeriki. Humuristisches Wochenblatt,,,,Wien,,http://data.onb.ac.at/rec/AC01381481,,,,,Literatur,,
Klauser1986,Klauser 1986,1986,Der Wiener Mundartwortschatz bei Eduard Pötzl und seine Weiterentwicklung bis zur Gegenwart. Diss. (masch.),,Klauser,Ingeborg,Wien,,,,,,,Literatur,Fachliteratur,Dissertation
KlausmannKrefeld1986,Klausmann/Krefeld 1986,1986,"Romanische und rätoromanische Reliktwörter im Arlberggebiet. In: Holtus, G. (Hrsg.): Raetia antiqua et moderna: W. Theodor Elwert zum 80. Geburtstag. Tübingen, 121-145.",,Klausmann/Krefeld,Hubert/Thomas,Tübingen,Niemeyer,,,,,,Literatur,,
"Kloepfer, Hans1932",Kloepfer 1932,1932,Hintennach. In: Alpenländ. Monatshefte für das deutsche Haus. Heft 5. ,,Kloepfer,Hans,Graz,,,,,,,Literatur,,
Kluge2002,Kluge 2002,2002,"Etymologisches Wörterbuch der deutschen Sprache. 24., durchgesehene und erweiterte Auflage.",,Kluge/Seebold (Bearb.),Friedrich/Elmar,Berlin / Boston,De Gruyter,,1,,,,Literatur,Fachliteratur,Wörterbuch
Kluge2011,Kluge 2011,2011,"Etymologisches Wörterbuch der deutschen Sprache. 25., durchgesehene und erweiterte Auflage.",,Kluge/Seebold (Bearb.),Friedrich/Elmar,Berlin / Boston,De Gruyter,,1,,,,Literatur,Fachliteratur,Wörterbuch
Knapp1953,Knapp 1953,1953,Proben soziologischer Gegebenheiten und Einflüsse im Wienerischen. Diss. (masch.),,Knapp,Helga,Wien,,,1,,,,Literatur,Fachliteratur,Dissertation
Köbler2010online,Köbler 2010 online,2010,Lateinisches Abkunfts- und Wirkungswörterbuch für Altertum und Mittelalter,,Köbler,Gerhard,,,,1,2009 statt 2010?,,,Literatur,Fachliteratur,Wörterbuch
Köbler2014online,Köbler 2014 online,2014,"Köbler, Gerhard, Althochdeutsches Wörterbuch. 6. Auflage",,Köbler,Gerhard,,,,1,,,,Literatur,Fachliteratur,Wörterbuch
KöblerMhd2014online,Köbler Mhd. 2014 online,2014,"Köbler, Gerhard, Mittelhochdeutsches Wörterbuch. 3. Auflage",,Köbler,Gerhard,,,,,,,,Literatur,Fachliteratur,Wörterbuch
Kohl1908a,Kohl 1908a,1908,"Heitere Volksgesänge aus Tirol (Tisch- und Gesellschaftslieder). Mit Singweisen. Im Volke gesammelt u. zusammengest. von Kohl, Franz Friedrich (= Quellen und Forschungen zur deutschen Volkskunde 1)",,Kohl,Franz Friedrich,Wien,,,,,,,Literatur,Literar.Text,Lieder
Kohl1908b,Kohl 1908b,1908,"Die Tiroler Bauernhochzeit. – Sitten, Bräuche, Sprüche, Lieder und Tänze mit Singweisen. (= Quellen und Forschungen zur deutschen Volkskunde 3)",,Kohl,Franz Friedrich,Wien,,,,,,,Literatur,Literar.Text,Lieder
Kostial1910,Koštiál 1910,1910,"Steirisches erotisch-skatologisches Idiotikon. Aus dem Munde von alten und jungen Bauern, Fuhrleuten, Knechten, Studenten und Mägden in Bruck a. d. Mur, Frohnleiten, Ilz, Mixnitz, Graz und Umgebung aufgez. In: Anthropophyteia. Jahrbücher für Folkloristische Erhebungen und Forschungen zur Entwicklungsgeschichte der geschlechtlichen Moral 7, 21-31.",Band 7,Koštiál,Johann,Leipzig,,,,,,,Literatur,,
Kralovec1967,Kralovec 1967,1967,Der Wortschatz in der Dreiländerecke Oberösterreich-Niederösterreich-Steiermark. Diss.,,Kralovec,Kurt,Wien,,,,,,,Literatur,Fachliteratur,Dissertation
Kramer1990III,Kramer 1990 III,1990,Etymologisches Wörterbuch des Dolomitenladinischen,Band 3: D–H,Kramer,Johannes (u.a.),Hamburg,Buske,,1,,,,Literatur,Fachliteratur,Wörterbuch
Kranzmayer1956,Kranzmayer 1956,1956,Historische Lautgeographie des gesamtbairischen Dialektraumes,,Kranzmayer,Eberhard,Graz / Wien,Hermann Böhlaus Nachf.,,1,,,,Literatur,,
Krempl1922,Krempl 1922,1922,Studien aus dem oberösterreichischen Volksleben. Dritte Folge,,Krempl,Josef,Linz,Pirngruber,https://digi.landesbibliothek.at/viewer/image/AC04624629/5/,,,,,Literatur,,
Krings1965,Krings 1965,1965,Die Mundart von Edelstal im nördlichsten Burgenland,,Krings,Martha,Wien,,,,,,,Literatur,,
Kronen_Ztg,Kronen Zeitung,1905–lfd.,Kronen Zeitung,,,,Wien,, 28.9.1980,1,"hier und bei den anderen Zeitungen: jeweils allgemeine Angabe in Zotero (allerdings gibts kein Item ""Newspaper"", nur ""Newspaper Article""--> passt nicht ganz, einzelne Belege müssten dann immer ergänzt werden",,,Literatur,Journalist.Text,Zeitung
Kühebacher1958,Kühebacher 1958,1958,Dialektgeographie des oberen Pustertales. Diss. (masch.),,Kühebacher,Egon,Innsbruck,,,1,,,,Literatur,Fachliteratur,Dissertation
Lamberg1879,Lamberg 1879,1879,Bergkräuteln. Gedichte in österreichisch-deutscher Gebirgsmundart,Band 1,Lamberg,Hugo,Salzburg,Heinrich Dieter,,1,,,,Literatur,Literar.Text,Gedichte
Lessiak1903,Lessiak 1903,1903,Die Mundart von Pernegg in Kärnten. In: Beiträge zur Geschichte der deutschen Sprache und Literatur (PBB) 28. 1–227,,Lessiak,Primus,,,,1,,,,Literatur,,
Lexer1862,Lexer 1862,1862,Kärntisches Wörterbuch. Mit einem Anhange: Weihnacht-Spiele und Lieder aus Kärnten.,,Lexer,Matthias,Leipzig,Hirzel,,,,,,Literatur,Fachliteratur,Wörterbuch
Lexer1872I,Lexer 1872 I,1872,Mittelhochdeutsches Handwörterbuch. Zugleich als Supplement und alphabetischer Index zum Mittelhochdeutschen Wörterbuch von Benecke–Müller–Zarncke,Band 1: A–M,Lexer,Matthias von,Leipzig,Hirzel,,1,,,,Literatur,Fachliteratur,Wörterbuch
Lexer1876II,Lexer 1876 II,1876,Mittelhochdeutsches Handwörterbuch. Zugleich als Supplement und alphabetischer Index zum Mittelhochdeutschen Wörterbuch von Benecke–Müller–Zarncke,Band 2: N–U,Lexer,Matthias von,Leipzig,Hirzel,,1,,,,Literatur,Fachliteratur,Wörterbuch
Lexer1878III,Lexer 1878 III,1878,Mittelhochdeutsches Handwörterbuch. Zugleich als Supplement und alphabetischer Index zum Mittelhochdeutschen Wörterbuch von Benecke–Müller–Zarncke,"Band 3: VF–Z, Nachträge",Lexer,Matthias von,Leipzig,Hirzel,,1,,,,Literatur,Fachliteratur,Wörterbuch
LexerNOIII,Lexer Nachträge Online III,2021,"Nachträge zum Mittelhochdeutschen Handwörterbuch von Matthias Lexer, digitalisierte Fassung im Wörterbuchnetz des Trier Center for Digital Humanities, Version 01/21, <https://www.woerterbuchnetz.de/LexerN>",Band 3,Lexer,Matthias,,,,,,,,Literatur,Fachliteratur,Wörterbuch
Liebleitner1943,Liebleitner 1943,1943,Pfefferkörndl und Gewürznagerl. Kernige Volksaussprüche,,Liebleitner,Karl,St. Pölten,St. Pöltner Zeitungs- und Verlagsgesellschaft,,,,,,Literatur,,
Linzer_TP,Linzer Tagespost,1865–1944. 1953–1954,Linzer Tagespost,,,,Linz,,22/04/1922,,,,,Literatur,Journalist.Text,Zeitung
Lipold1973,Lipold 1973,1973,Lautlehre und Adjektivsteigerung der Mundart von Großpertholz im niederösterreichischen Waldviertel,,Lipold,Günter,Wien,,Dissertationen der Universität Wien 93,,,,,Literatur,,
Loderer1982,Loderer 1982,1982,Großengersdorf. Heimatkundliche Beiträge. ,,Loderer,Hermine,Großengersdorf,Marktgemeinde Großengersdorf,"Hg. Von der Marktgemeinde Großengersdorf anlässlich der Verleihung eines Marktwappens sowie der 1984 bevorstehenden Feier ""200 Jahre Pfarre""",,,,,Literatur,,
LothWb_online,LothWb online,,"Wörterbuch der deutsch-lothringischen Mundarten, digitalisierte Fassung im Wörterbuchnetz des Trier Center for Digital Humanities, <https://www.woerterbuchnetz.de/LothWB>",,,,,,,,,,,Literatur,Fachliteratur,Wörterbuch
Marzell1979,"Marzell 1979, 4",1979,Wörterbuch der deutschen Pflanzennamen,"Band 4: Sabadilla–Zygophyllum, Anhang: Abies–Zygocactus; Schrifttum, Berichtigungen",Marzell,Heinrich,Leipzig / Wiesbaden,Hirzel / Steiner,,,,,,Literatur,Fachliteratur,Wörterbuch
Meyer1905II,Meyer 1905 II,1905,"Meyers großes Konversationslexikon. Ein Nachschlagewerk des allgemeinen Wissens. 6., gänzlich neubearbeitete und vermehrte Auflage",Band 2: Astilbe–Bismarck,Bibliographisches Institut/(Joseph Meyer),,Leipzig / Wien,Bibliographisches Institut,,1,,,,Literatur,,
Meyer1906VI,Meyer 1906 VI,1906,"Meyers großes Konversationslexikon. Ein Nachschlagewerk des allgemeinen Wissens. 6., gänzlich neubearbeitete und vermehrte Auflage",Band 6: Erdeessen–Franzén,Bibliographisches Institut/(Joseph Meyer),,Leipzig / Wien,Bibliographisches Institut,,1,,,,Literatur,,
Mindl1924,Mindl 1924,1924,Der Konjunktiv in der Mundart des oberen Landls. In: Theuth. 1 (1924/1925) 108-149,,Mindl,Josef,,,,,,,,Literatur,,
MLW_online,MLW online,,"Mittellateinisches Wörterbuch, digitalisierte Fassung im Wörterbuchnetz des Trier Center for Digital Humanities, Version 01/23, <https://www.woerterbuchnetz.de/MLW>",,,,,,https://www.woerterbuchnetz.de/MLW,,,,,Literatur,Fachliteratur,Wörterbuch
Moro1951,Moro 1951,1951,"St. Oswald ob Kleinkirchheim. Menschen, Sitte, Jahrlaufbrauchtum. Ein Buch vom Kärntner Bergbauerntum (= Archiv für vaterländische Geschichte und Topographie 34–35)",,Moro,Oswin,Klagenfurt,Verlag des Geschichtsvereines für Kärnten,,1,,,,Literatur,,
Moro1952,Moro 1952,1952,Volkskundliches aus dem Kärntner Nockgebiet. Volksmedizin / Volksglaube / Volksdichtung / Volkskunst / Hofwesen und Arbeitsleben.,,Moro,Oswin,Klagenfurt,,,,,,,Literatur,,
Müllegger1968,Müllegger 1968,1968,Lautlehre der Ausseer Mundart. Dissertation (masch.),,Müllegger,Edgar,Wien,,,,,,,Literatur,Fachliteratur,Dissertation
MWB_online,MWB online,,Mittelhochdeutsches Wörberbuch online. Abgerufen von http://www.mhdwb-online.de/ ,,,,Trier/Göttingen,,,,Wörberbuch -> Wörterbuch,,,Literatur,Fachliteratur,Wörterbuch
Nagl1889,Nagl 1889,1889,"Der Fuchs Roaner. A lehrreichs und kürzweiligs Gleichnuß aus derselbigen Zeit, wo d'Viecher noh hab'n red'n könna. Aus uralten vierhundert- bis sechshundertjährigen Büchern neu in die Welt gestellt für die österreichischen Landleute",,Nagl (Hrsg.),Johann Willibald,Neunkirchen,Viktoria,,1,,,,Literatur,,
Nagl1909,Nagl 1909,1909,"Der Fuchs Roaner. A lehrreichs und kürzweiligs Gleichnuß aus derselbigen Zeit, wo d'Viecher noh hab'n red'n könna. Aus uralten vierhundert- bis sechshundertjährigen Büchern neu in die Welt gestellt für die österreichischen Landleute",,Nagl (Hrsg.),Johann Willibald,Wie und Leipzig,Kirsch,,,,,,Literatur,,
Nestroy1925,Nestroy 1925,1925,Sämtliche Werke. Historisch-kritische Gesamtausgabe. ,Band 5: Die politischen Komödien,Nestroy/Brukner/Rommel,Johann/Fritz/Otto,Wien,Schroll,,,,,,Literatur,,
Neubauer1962,Neubauer 1962,1962,Mia Heanznleut. Geschichten in der Mundart des südlichen Burgenlandes.,Lebendiges Wort. Kleinbücher in österreichischer Mundart 15,Neubauer,Hans,Wels,,,,,,,Literatur,Literar.Text,Prosa
Neuner1966,Neuner 1966,1966,Redensarten und Bedeutungswandlungen aus Ungenach im Hausruckviertel in Oberösterreich. Diss. (masch.),,Neuner,Anna Marie,Wien,,,1,,,,Literatur,Fachliteratur,Dissertation
NişanyanSözlük_online,Nişanyan Sözlük online,,Çağdaş Türkçenin Etimolojisi [siehe https://www.nisanyansozluk.com/],,Nişanyan ,Sevan ,,,,,,,,Literatur,,
NöMdaDichtg.1931,NöMdaDichtg. 1931,1931,"Dichtungen in niederösterreichischer Mundart. Mit einem Anhang aus dem Burgenland, Südmähren und dem Böhmerwald ",,Hg. von Bacher,Karl [u. a.],Wien,,,,,,,Literatur,,
Nöstlinger1974,Nöstlinger 1974,1974,Iba de gaunz oaman kinda. Gedichte von Christine Nöstlinger,,Nöstlinger,Christine,Wien / München,Jugend und Volk,,1,,,,Literatur,Literar.Text,Gedichte
ÖBL1969IV,ÖBL 1969 IV,1969,Österreichisches Biographisches Lexikon 1815-1950,Band 4: Knolz–Lan,ÖAW (Hrsg.)/(Bruckmüller)/(Gruber),(Ernst)/(Christine),Graz / Köln,Hermann Böhlaus Nachf.,,1,,,,Literatur,,
OöWb2014,Oö. Wb. 2014,2014,Wörterbuch zur oberösterreichischen Volksmundart. 8. unveränderte Auflage,,Jungmair/Etz,Otto/Albrecht,Ried im Innkreis,Stelzhamerbund,,1,"""Oö. Wb. 2014"" --> wirklich mit Leerzeichen dazwischen?",,,Literatur,Fachliteratur,Wörterbuch
ÖWB2016,ÖWB 2016,2016,Österreichisches Wörterbuch. 43. Aufl.,,Pabst/Fussy/Steiner,Christiane M./Herbert/Ulrike,Wien,Österreichischer Bundesverlag Schulbuch GmbH & Co. KG,,1,,,,Literatur,Fachliteratur,Wörterbuch
Pailler1881I,Pailler 1881 I,1881,Weihnachtlieder und Krippenspiele aus Oberösterreich und Tirol,"Band 1: Weihnachtslieder aus Oberösterreich, mit 38 Singweisen",Pailler (Hrsg.),Wilhelm,Innsbruck,Wagner,,1,,,,Literatur,Literar.Text,Lieder
Pailler1883II,Pailler 1883 II,1883,Weihnachtlieder und Krippenspiele aus Oberösterreich und Tirol,"Band 2: Krippenspiele, mit 31 Singweisen",Pailler (Hrsg.),Wilhelm,Innsbruck,Wagner,,1,,,,Literatur,Literar.Text,Lieder
Paul2007,Paul 2007,2007,Mittelhochdeutsche Grammatik (= Sammlung kurzer Grammatiken Germanischer Dialekte 2),,Paul,Hermann (u.a.),Tübingen,Niemeyer,,1,,,,Literatur,,
Peller1941,Peller 1941,1941,Wortstellungsfragen in der Mundart des Traunseegebiets. Diss. (masch.),,Peller ,Irmgard,Wien,Diss.,,,,,,Literatur,Fachliteratur,Dissertation
Perner1971,Perner 1971,1971, Lautlehre der Mundart der Ramsau am Dachstein. Diss.,,Perner,Wilhelm,Wien,,,,,,,Literatur,Fachliteratur,Dissertation
Peter1975,Peter 1975,1975,"Salzburger Tänze. Gesammelt und beschrieben von Peter, Ilka. Zweistimmiger Notensatz von Lager, Herbert",,Peter,Ilka,Salzburg,,,,,,,Literatur,,
Petrikovits1922,Petrikovits 1922,1922,"Die Wiener Gauner-, Zuhälter- und Dirnensprache. Zusammengest. von Petrikovits, Albert",,Petrikovits,Albert,Wien,,,,,,,Literatur,,
PfälzischesWb1975II,Pfälzisches Wb. 1975 II,1975,Pfälzisches Wörterbuch,Band 2: D/T. E. F/V,Christmann/Akademie der Wissenschaften und der Literatur Mainz (Hrsg.),Ernst,Wiesbaden,Steiner,,1,,,,Literatur,Fachliteratur,Wörterbuch
Pfanhauser1881,Pfanhauser 1881,1881,Dachsteinbleameln. Gedichte in oberösterreichischer Mundart,,Pfanhauser,Augustin,Wien,Carl Gerolds Sohn,,1,,,,Literatur,Literar.Text,Gedichte
Pfeifer_online,Pfeifer online,,Etymologisches Wörterbuch des Deutschen. Digitalisierte und von Wolfgang Pfeifer überarbeitete Version im Digitalen Wörterbuch der deutschen Sprache.,,Pfeifer,Wolfgang,,,,1,,,,Literatur,Fachliteratur,Wörterbuch
Pfeifer2014,Pfeifer 2014,2014,Etymologisches Wörterbuch des Deutschen,,Pfeifer,Wolfgang,Koblenz,Edition Kramer,,1,,,,Literatur,Fachliteratur,Wörterbuch
Pflanzl1907,Pflanzl 1907,1907,Auf da Ofnbänk. Allerhand dumme und g'scheite Sochan in da hoamatlich'n Sprach z'sammgreimt und außageb'n. 4. verb. u. erw. Aufl.,,Pflanzl,Otto,Salzburg,,,,,,,Literatur,,
PfWb_online,PfWb online,,"Pfälzisches Wörterbuch, digitalisierte Fassung im Wörterbuchnetz des Trier Center for Digital Humanities, <https://www.woerterbuchnetz.de/PfWB>",,,,,,,,,,,Literatur,Fachliteratur,Wörterbuch
PinzgMdalex1957_2,"Pinzg. Mdalex. 1957, 2",1957,"Pinzgauer Mundartlexikon, zusammengestellt von Konrad Nusko. In: Unser Pinzgau, Beilage zum Pinzgauer Heimatblatt","Jahrgang 2, Nr. 1ff",Nusko,Konrad,Zell am See,,,,,,,Literatur,Fachliteratur,Wörterbuch
Pirchegger1927,Pirchegger 1927,1927,Die slavischen Ortsnamen im Mürzgebiet (= Veröffentlichungen des Slavischen Instituts an der Friedrich-Wilhelms-Universität Berlin 1),,Pirchegger,Simon,Leipzig,Markert u. Petters,,1,,,,Literatur,,
Pölt-Nordheim1917,Pölt-Nordheim 1917,1917,Tiroler Nagelen. Erzählungen,,Pölt-Nordheim,Klara,Innsbruck,,,,,,,Literatur,Literar.Text,Prosa
Pölzl1934,Pölzl 1934,1934,"Der ""Haftsteckendialekt"". In: DasWaldviertel. Zeitschrift für Heimat- und Regionalkunde des Waldviertels und der Wachau 7 / F. 2 (1934), 22-26",,Pölzl,Franz,Horn,,,,,,,Literatur,,
Pons_online,Pons online,,Pons online,,Pons,,,,,1,,,,Literatur,Fachliteratur,Wörterbuch
Pötzl1892,Pötzl 1892,1892,Wiener von Heute. Gesammelte Skizzen nebst einem Anhang Wienerischer Ausdrücke,,Pötzl,Eduard,Wien,Georg Szelinski,,,,,,Literatur,,
Pree1953,Pree 1953,1953,Der Lautstand in den Mundarten des unteren Mühlviertels [OÖ] (Vokalismus). Diss. (masch.) ,,Pree,Franz,Wien,,,,,,,Literatur,Fachliteratur,Dissertation
Prosch1921,Prosch 1912,1921,"Lüsner und Weerer Deutsch. Vergleich des Wortschatzes einer Nord- und einer Südtiroler Mundart. In: Der Schlern 2/2, 44–46",,Prosch,Georg,,,https://digital.tessmann.it/tessmannDigital/Zeitungsarchiv/Seite/Zeitung/62963//15.01.1921/256055/1,,,,,Literatur,,
Pschorn1915,Pschorn 1915,1915,Mei' erschte Fechsung. Ernste und heitere Gedichte in niederösterreichischer Mundart. ,,Pschorn,Karl,Wien,,,,,,,Literatur,Literar.Text,Gedichte
PSJČ_online,PSJČ online,1935–1957,Příruční slovník jazyka českého. Online,,,,Praha,Ústav pro jazyk český Akademie věd České republiky,https://bara.ujc.cas.cz/psjc/search.php,,,,,Literatur,,
Rader1966,Rader 1966,1966,Sprachbiologische Untersuchungen an der Mundart von Feldkirchen in Kärnten. Diss. (masch.),,Rader,Wolfram,Wien,,,,,,,Literatur,Fachliteratur,Dissertation
Reichl1918,Reichl 1918,1918,"Hinta Pfluag und Aarn. Gedichte aus dem Raabtal in heanzerischer Mundart. Mit einem Geleitwort von Müller-Guttenbrunn, Adam.",,Reichl,Josef,Wien,,,,,,,Literatur,Literar.Text,Gedichte
Rejzek2012,Rejzek 2012,2012,Český etymologický slovník. 2. nezm. vyd.,,Jiří,Rejzek,Voznice,Leda,,,,,,Literatur,,
Resch1968,Resch Diss. 1968,1968,Der Lautstand der Dreiländerecke Niederösterreich - Oberösterreich - Steiermark mit 56 dialektgeographischen Skizzen. Diss. (masch.),,Resch,Johann,Wien,,,1,,,,Literatur,Fachliteratur,Dissertation
Resl1929,Resl 1929,1929,Da is amal... Da san amal... Da hat amal... . 99 lustige G'schichten aus meinem Schmierbüch'l. ,4. Band,Resl,Franz,Linz,,,,,,,Literatur,,
RhWb_online,RhWb online,,"Rheinisches Wörterbuch, digitalisierte Fassung im Wörterbuchnetz des Trier Center for Digital Humanities, Version 01/23, <https://www.woerterbuchnetz.de/RhWB>",,,,,,https://www.woerterbuchnetz.de/RhWB,,,,,Literatur,Fachliteratur,Wörterbuch
Rieder_VZ,Rieder Volkszeitung,1923–1938. 1948–1990,Rieder Volkszeitung ,,,,Ried im Innkreis,,22/04/1939,1,,,,Literatur,Journalist.Text,Zeitung
Rosegger1903,Rosegger 1903,1903,Weltgift,,Rosegger,Peter,Leipzig,L. Staackmann,,,,,,Literatur,,
Rudl1920,Rudl 1920,1920,Der Hiesl ban Zonndoktr. In: Der Schlern. Bozner Halbmonatsschrift für Heimatkunde und Heimatkunst 1/11. 168–170,,Rudl,Otto  ,Bozen,Verlagsanstalt Athesia,,1,,,,Literatur,,
Rudolf1933,Rudolf 1933,1933,Die Außerferner Mundart. Diss.,,Rudolf,Erwin,,,,,,,,Literatur,Fachliteratur,Dissertation
Rudolf1965,Rudolf 1965,1965,Die alte Bauernmundart von Molzbichl bei Spittal an der Drau. Dissertation (masch.),,Rudolf,Ilse,Wien,,,,,,,Literatur,Fachliteratur,Dissertation
Sabatini_online,Sabatini/Coletti online,,Il Sabatini Coletti. Dizionario della Lingua Italiana,,Sabatini/Coletti,Francesco/Vittorio,,,,1,,,,Literatur,,
SalzburgerWb1979,Salzburger Wb. 1979,1979,"Was nicht im Duden steht. Ein Salzburger Mundart-Wörterbuch (= Mitteilungen der Gesellschaft für Salzburger Landeskunde, Ergänzungsband 7)",,Ziller/Gesellschaft für Salzburger Landeskunde (Hrsg.),Leopold,Salzburg,Selbstverlag der Gesellschaft für Salzburger Landeskunde,,1,,,,Literatur,Fachliteratur,Wörterbuch
SalzburgerWb1995,Salzburger Wb. 1995,1995,"Was nicht im Duden steht. Ein Salzburger Mundart-Wörterbuch. 2., verm. Aufl.",,Ziller/Gesellschaft für Salzburger Landeskunde (Hrsg.),Leopold,St. Gilgen am Wolfgangsee,Eigenverlag der Gemeinde,,1,,,,Literatur,Fachliteratur,Wörterbuch
Sansoni1970I,Sansoni 1970 I,1970,Wörterbuch der italienischen und deutschen Sprache. Bearb. unter der Leitung v. Vladimiro Macchi am Centro Lessicografico Sansoni,Band 1: Italienisch–Deutsch,Centro Lessicografico Sansoni (Hrsg.),,Florenz / Rom,Sansoni,,1,,,,Literatur,Fachliteratur,Wörterbuch
Santifaller1958,Santifaller 1958,1958,Beiträge zur Kenntnis der Kastelruter Mundart. In: ZsSchlern 32 (1958) 230–247,,Santifaller,Leo/Berta,,,,,,,,Literatur,,
SarntalerWb1958I,Sarntaler Wb. 1958 I,1958,Wörterbuch der Sarntaler Mundart. In: ZsSchlern 32,Band 1: A–F,Gruber,Anton,,,,,,,,Literatur,Fachliteratur,Wörterbuch
Schabus1971I,Schabus 1971 I,1971,Dialektgeographie des Lesachtals (Kärnten). Diss. (masch.),Band 1 ,Schabus,Wilfried,Wien,,,1,,,,Literatur,Fachliteratur,Dissertation
Schabus1971II,Schabus 1971 II,1971,Dialektgeographie des Lesachtals (Kärnten). Diss. (masch.),Band 2,Schabus,Wilfried,Wien,,,1,,,,Literatur,Fachliteratur,Dissertation
Schacherl1919,Schacherl 1919,1919,Seltene Ausdrücke der Böhmerwald-Mundart,,Schacherl,Anton,Budweis,,,,,,,Literatur,,
Schadek1893,Schadek 1893,1893,In der Muatersprach'. Gedichte in niederösterreichischer Mundart,,Schadek,Moriz,Wien,Konegen,,1,,,,Literatur,Literar.Text,Gedichte
Schadek1899,Schadek 1899,1899,"Hausmannskost. Gedicht in niederösterreichischer Mundart. 2., verm. Aufl.",,Schadek,Moriz,Wien,,,,,,,Literatur,Literar.Text,Gedichte
Schatzdorfer1933,Schatzdorfer 1933,1933,Hoböschoat'n. Ernste und heitere Reime im Innviertler Dialekt.,,Schatzdorfer,Hans,Ried im Innkreis,Preßvereinsdruckerei,,,,,,Literatur,,
Schatzdorfer1949,Schatzdorfer 1949,1949,Spatzngsang und Spinnáwittn. Neue Mundartgedichte,,Schatzdorfer,Hans,Groß-Piesenham,Selbstverlag,,1,,,,Literatur,Literar.Text,Gedichte
Schatzdorfer1969,Schatzdorfer 1969,1969,Zeidige Zwötschkn,,Schatzdorfer,Hans,,,,,,,,Literatur,,
Schiferl1947,Schiferl 1947,1947,Warn dös Kampln? Weinland in Gestalten.,,Schiferl,Lois,Wien,,,,,,,Literatur,,
Schmeller1855,Schmeller 1855,1855,Cimbrisches Wörterbuch,,Schmeller,Johann Andreas,Wien,K.k. Hof- und Staatsdruckerei,,,,,,Literatur,Fachliteratur,Wörterbuch
Schmeller1872I,Schmeller 1872 I,1872,"Bayerisches Wörterbuch. 2., mit des Verfassers Nachträgen vermehrte Ausgabe",Band 1: A–Q,Schmeller/(Frommann Hrsg.)/(Historische Commission bei der Königl. Academie der Wissenschaften Hrsg.),Johann Andreas/(Georg Karl),München,Oldenbourg,,1,,,,Literatur,Fachliteratur,Wörterbuch
Schmeller1877II,Schmeller 1877 II,1877,"Bayerisches Wörterbuch. 2., mit des Verfassers Nachträgen vermehrte Ausgabe",Band 2: R–Z,Schmeller/(Frommann Hrsg.)/(Historische Commission bei der Königl. Academie der Wissenschaften Hrsg.),Johann Andreas/(Georg Karl),München,Oldenbourg,,1,,,,Literatur,Fachliteratur,Wörterbuch
Schmutzer1980,Schmutzer 1980,1980,Die Wiener Schülersprache der Gegenwart,,Schmutzer,Wolf-Dieter,Wien,,,,,,,Literatur,,
SchmutzHöbarthen1952,Schmutz-Höbarthen 1952,1952,Hoamgaong. Gedichte in der Waldviertler Mundart,,Schmutz-Höbarthen,Franz,Wien,Europäischer Verl.,,1,,,,Literatur,Literar.Text,Gedichte
Schneider1963,Schneider 1963,1963,Romanische Entlehnungen in den Mundarten Tirols: ein dialektgeographischer Versuch,,Schneider,Elmar,Innsbruck,,,,,,,Literatur,,
Schönberger1866,Schönberger 1866,1866,Waldbleamaln. Gedichte in Oberösterreichischer Mundart.,[1. Aufl.] I. Heft,Schönberger,Anton,Wels,,,,,,,Literatur,Literar.Text,Gedichte
Schönberger1869,Schönberger 1869,1869,Waldbleamaln. Gedichte in Oberösterreichischer Mundart.,[1. Aufl.] II. Heft,Schönberger,Anton,Wels,,,,,,,Literatur,Literar.Text,Gedichte
Schönberger1882,Schönberger 1882,1882,Waldbleamaln. Gedichte in Oberösterreichischer Mundart.,"[I. Heft] 2., verm. Aufl.",Schönberger,Anton,Wels,,,,,,,Literatur,Literar.Text,Gedichte
Schultmayer1961,Schultmayer 1961,1961,Die Mundart von St. Leonhard am Hornerwald und seiner Umgebung. Diss. (masch.),,Schultmayer,Ilse,Wien,,,1,,,,Literatur,Fachliteratur,Dissertation
Schützeichel2012,Schützeichel 2012,2012,"Althochdeutsches Wörterbuch. 7., durchgesehene und verbesserte Auflage",,Schützeichel,Rudolf,Berlin / Boston,De Gruyter,,1,,,,Literatur,Fachliteratur,Wörterbuch
SchwäbWb_3,Schwäb.Wb 1911,1911,Schwäbisches Wörterbuch. ,Band : G. H. ,Fischer,Hermann,Tübingen,Verlag der H. Laupp'schen Buchhandlung,,,,,,Literatur,Fachliteratur,Wörterbuch
Schwarz1963,Schwarz 1963,1963,Die Mundart von St. Anton an der Jessnitz im südwestlichen Niederösterreich. Diss.,,Schwarz,Gertrude,Wien,Dissertationen der Universität Wien,,,,,,Literatur,Fachliteratur,Dissertation
SchweizerischesId1881I,Schweizerisches Id. 1881 I,1881,Schweizerisches Idiotikon,Band 1: A–F,Staub/Tobler/Bachmann,Friedrich/Ludwig/Albert,Frauenfeld,J. Huber,,1,,,,Literatur,Fachliteratur,Wörterbuch
SchweizerischesId1885II,Schweizerisches Id. 1885 II,1885,Schweizerisches Idiotikon,Band 2: G–H,Staub/Tobler/Bachmann,Friedrich/Ludwig/Albert,Frauenfeld,J. Huber,,1,,,,Literatur,Fachliteratur,Wörterbuch
SchweizerischesId1895III,Schweizerisches Id. 1895 III,1895,Schweizerisches Idiotikon,Band 3: J–L,Staub/Tobler/Bachmann,Friedrich/Ludwig/Albert,Frauenfeld,J. Huber,,,,,,Literatur,Fachliteratur,Wörterbuch
SchweizerischesId1905V,Schweizerisches Id. 1905 V,1905,Schweizerisches Idiotikon,Band 5: Bl–Qu,Staub/Tobler/Bachmann,Friedrich/Ludwig/Albert,Frauenfeld,J. Huber,,1,,,,Literatur,Fachliteratur,Wörterbuch
SchweizerischesId1920VIII,Schweizerisches Id. 1920 VIII,1920,Schweizerisches Idiotikon,Band 8: Sch,Staub/Tobler/Bachmann,Friedrich/Ludwig/Albert,Frauenfeld,J. Huber,,,,,,Literatur,Fachliteratur,Wörterbuch
Seibicke1998II,Seibicke 1998 II,1998,Historisches Deutsches Vornamenbuch,Band 2: F–K,Seibicke,Wilfried,Berlin / New York,De Gruyter,,1,,,,Literatur,Fachliteratur,Wörterbuch
Seibicke2003IV,Seibicke 2003 IV,2003,Historisches Deutsches Vornamenbuch,Band 4: Sc–Z,Seibicke,Wilfried,Berlin / New York,De Gruyter,,1,,,,Literatur,Fachliteratur,Wörterbuch
Snoj2015_online,Snoj 2015 online,2015,Slovenski etimološki slovar. Tretja izdaja. Spletna izdaja na www.fran.si,,Snoj,Marko,Ljubljana,ZRC SAZU,https://www.fran.si/,,,,,Literatur,,
Sonntagspost,Sonntagspost,1945–1994,Sonntagspost. Heimatzeitung und amtliches Nachrichtenblatt,,,,Kufstein,, 05.03.1950,1,,,,Literatur,Journalist.Text,Zeitung
Steinbruckner1976,Steinbruckner 1976,1964/1976,Dialektgeographie des oberen Mühlviertels. Marburg 1976,DDG 102,Steinbruckner,Bruno Friedrich,Innsbruck,DDG,,,,,,Literatur,,
Steinhauser1978,Steinhauser 1978,1978,Slawisches im Wienerischen. Zweite vermehrte und verbesserte Auflage,,Steinhauser,Walter,Wien,Verband der wissenschaftlichen Gesellschaften Österreichs,,,,,,Literatur,,
SteirWb1903,Steir.Wb. 1903,1903,Steirischer Wortschatz. Als Ergänzung zu Schmellers Bayerischem Wörterbuch,,Unger/Khull,Theodor/Ferdinand,Graz,Leuschner & Lubensky,,1,,,,Literatur,Fachliteratur,Wörterbuch
Stelzhamer1841,Stelzhamer 1841,1841,Neue Gesänge in obderenns'scher Volksmundart,,Stelzhamer,Franz,Wien,Ueberreuter,,,,,,Literatur,,
Steuerwald1988,Steuerwald 1988,1988,"Türkisch-deutsches Wörterbuch = Türkçe-Almanca sözlük. 2., verb. u. erw. Aufl.",,Steuerwald,Karl,Wiesbaden,Harrassowitz,,,,,,Literatur,Fachliteratur,Wörterbuch
STir.Wb.,STir. WB. 1972,1972,"Tiroler Wortschatz an Eisack, Rienz und Etsch. Nachlese zu Josef Schatz, Wörterbuch der Tiroler Mundarten. Zum Druck vorbereitet von Finsterwalder, Karl.",,Fink,Hans,München,,,,,,,Literatur,Fachliteratur,Wörterbuch
STirWbNtr1979,STir. Wb. Ntr. 1979,1979,Neugesammelte Mundartausdrücke. In: ZsSchlern 53 (1979) 76-87,,Fink,Hans,,,,,,,,Literatur,,
Stöhr1956,Stöhr 1956 ,1956,Die Sprache in den Eipeldauerbriefen Josef Richters (Wiener Mundart und Umgangssprache vor 160 Jahren). Diss. (masch.),,Stöhr,Theodor,Wien,Diss. ,,,,,,Literatur,Fachliteratur,Dissertation
Stowasser1997,Stowasser 1997,1997,Stowasser. Österreichische Schulausgabe. Lateinisch-deutsches Schulwörterbuch,,Stowasser,Joseph Maria (u.a.),Wien,öbv & hpt,,1,,,,Literatur,Fachliteratur,Wörterbuch
SüdhessWB_2,Südhess.Wb. 1969ff.,1969–1972,"Südhessisches Wörterbuch / begr. von Friedrich Maurer. Nach den Vorarbeiten v. Friedrich Maurer, Friedrich Stroh u. Rudolf Mulch bearb. v. Rudolf Mulch. 2. E–G",Band 3,Mulch,Rudolf,Marburg,N. G. Elwert,,,,,,Literatur,Fachliteratur,Wörterbuch
Süß1865 (Salzb.Volksl.1865),Süß 1865,1865,Salzburger Volks-Lieder mit ihren Singweisen,,Süß,Maria Vinzenz,Salzburg,Verlag der Mayrischen Buchhandlung,,,,,,Literatur,Literar.Text,Lieder
Süß1867,Süß 1867,1867,"Nachtrag zu ""Salzburger Volks-Lieder mit ihren Singweisen 1965"" in Jahres-Bericht des Vaterländischen Museums Carolino Augusteum zu Salzburg 1867, Anhang (NA 1995)",,Süß,Maria Vinzenz,Salzburg,,,,,,,Literatur,Literar.Text,Lieder
Szmudits1961,Szmudits 1961,1961,Die Mundart von Mattersburg. Eine wortsoziologische und sprachbiologische Untersuchung. Diss. (masch.),,Szmudits,Friederike,Wien,,,1,,,,Literatur,Fachliteratur,Dissertation
Taschner1969,Taschner 1969,1969,Die Mundart von Aldein in Südtirol,,Taschner,Elisabeth,Wien,,,,,,,Literatur,,
Tatzreiter1967,Tatzreiter 1967,1967,Die Bezeichnung „Feitel“ (Taschenmesser) und ihre sinnverwandten Ausdrücke in den bairischen Mundarten Österreichs. In: Mundart und Geschichte 1967. 163–174,,Tatzreiter,Herbert,,,,,,,,Literatur,,
TirolerHeimatbl,Tiroler Heimatbl.,1924–1941. 1947–lfd.,Tiroler Heimatblätter. Zeitschrift für Heimatpflege in Nord- und Osttirol,,Verein für Heimatschutz und Heimatpflege in Nord- und Osttirol,,Innsbruck,,(1923-1925; Wiessner)?,1,Wiessner als Autor? ,,,Literatur,,
TirolerSonntagspost,Tiroler Sonntagspost,1950,"Tiroler Sonntagspost. Heimatzeitung und amtliches Nachrichtenblatt [später mit zahlreichen Zusätzen, u.a.: Unabhängige Tiroler Wochenzeitung]",Nr. 11,,,Kufstein [später Wörgl],,,,,,,Literatur,Journalist.Text,Zeitung
TirolerWb,Tiroler Wb.,1993,Wörterbuch der Tiroler Mundarten. Unveränd. Nachdr. d. 1. Ausg (= Schlern-Schriften 119–120),2 Bände,Schatz/(Finsterwalder),Josef/(Karl),Innsbruck,Wagner,,1,Sollten die zwei Bände einzeln angegeben werden?,,,Literatur,Fachliteratur,Wörterbuch
TirolischesId1866,Tirolisches Id. 1866,1866,Tirolisches Idiotikon,,Schöpf/(Hofer),Johann Baptist/(Anton),Innsbruck,Wagner,,1,,,,Literatur,,
Treccani_online,Treccani online,,Treccani Vocabolario,,Istituto della Enciclopedia Italiana,,,,,1,,,,Literatur,,
Trummer1841,Trummer 1841,1841,Systematische Classification und Beschreibung der im Herzogthume Steiermark vorkommenden Rebensorten,,"Trummer/(K. k. Landwirthschafts-Gesellschaft in Steiermark, Hrsg.)",Franz,Graz,Leykam,"1855: ""Nachtrag zur systematischen Classification und Beschreibung der im Herzogthum Steiermark vorkommenden Rebensorten""",1,,,,Literatur,,
VWB2016,VWB 2016,2016,"Variantenwörterbuch des Deutschen. Die Standardsprache in Österreich, der Schweiz, Deutschland, Liechtenstein, Luxemburg, Ostbelgien und Südtirol sowie Rumänien, Namibia und Mennonitensiedlungen. 2., völlig neu bearbeitete und erweiterte Auflage",,Ammon/Bickel/Lenz (Hrsg.),Ulrich/Hans/Alexandra N. (u.a.),Berlin / Boston,De Gruyter,,1,,,,Literatur,Fachliteratur,Wörterbuch
Wagnleithner1921,Wagnleithner 1921,1921,'s Linsád-Liad,,Wagnleithner,Georg,Grieskirchen,Preßvereinsdruckerei,,,,,,Literatur,Literar.Text,Lieder
WBÖ1970I,WBÖ 1970 I,1970,Wörterbuch der bairischen Mundarten in Österreich (WBÖ) (=Bayerisch-Österreichisches Wörterbuch I. Österreich),Band 1: A–Azor,Kranzmayer,Eberhard (u.a.),Wien,Kommissionsverlag der Österreichischen Akademie der Wissenschaften,,1,,,,Literatur,Fachliteratur,Wörterbuch
WBÖ1976II,WBÖ 1976 II,1976,Wörterbuch der bairischen Mundarten in Österreich (WBÖ) (=Bayerisch-Österreichisches Wörterbuch I. Österreich),Band 2: B(P)–Bezirk,Kranzmayer,Eberhard (u.a.),Wien,Verlag der Österreichischen Akademie der Wissenschaften,,1,,,,Literatur,Fachliteratur,Wörterbuch
WBÖ1983III,WBÖ 1983 III,1983,Wörterbuch der bairischen Mundarten in Österreich (WBÖ) (=Bayerisch-Österreichisches Wörterbuch I. Österreich),Band 3: Pf–C,Hornung/Bauer,Maria/Werner (u.a.),Wien,Verlag der Österreichischen Akademie der Wissenschaften,,1,,,,Literatur,Fachliteratur,Wörterbuch
WBÖ1998IV,WBÖ 1998 IV,1998,Wörterbuch der bairischen Mundarten in Österreich (WBÖ) (=Bayerisch-Österreichisches Wörterbuch I. Österreich),"Band 4: D,T–tętzig",Bauer ,Werner (u.a.),Wien,Verlag der Österreichischen Akademie der Wissenschaften,,1,,,,Literatur,Fachliteratur,Wörterbuch
WBÖ2015V,WBÖ 2015 V,2015,Wörterbuch der bairischen Mundarten in Österreich (WBÖ) (=Bayerisch-Österreichisches Wörterbuch I. Österreich),Band 5: deu–Ęzzes,Bauer/Geyer,Werner/Ingeborg (u.a.),Wien,Verlag der Österreichischen Akademie der Wissenschaften,,1,,,,Literatur,Fachliteratur,Wörterbuch
WBÖBeiheft2,WBÖ-Beiheft 2,2005,"Wörterbuch der bairischen Mundarten in Österreich. Beiheft Nr. 2. Erläuterungen zum Wörterbuch. Lautschrift, Abkürzungsverzeichnis, Literatur- und Quellenverzeichnis, Gebietsverzeichnis, Gemeindeverzeichnis (mit einer Übersichtskarte und 6 Detailkarten zum Gebietsverzeichnis)",,Institut für österreichische Dialekt- und Namenlexika (Dinamlex) (Hrsg.),,Wien,Verlag der Österreichischen Akademie der Wissenschaften,,1,,,,Literatur,Fachliteratur,Wörterbuch
Wehle1974,Wehle 1974,1974,Die Wiener Gaunersprache. Diss. (masch.),,Wehle,Peter,Wien,,,1,,,,Literatur,Fachliteratur,Dissertation
Wehle1980,Wehle 1980,1980,Sprechen Sie Wienerisch? von Adaxl bis Zwutschkerl. Erweiterte und bearbeitete Neuausgabe,,Wehle,Peter,Wien / Heidelberg,Ueberreuter,,,,,,Literatur,Fachliteratur,Wörterbuch
Weinheber1953ff.,Weinheber 1953ff.,1953-1956,"Sämtliche Werke. Hg. von Nadler, Josef und Weinheber, Hedwig",5 Bände,Weinheber,Josef,Salzburg,,,,,,,Literatur,,
Werle1884,Werle 1884,1884,Almrausch. Almliada aus Steiermark,,Werle,Anton,Graz,Kienreich,,1,,,,Literatur,Literar.Text,Lieder
WeststeirischesWb1987,Weststeirisches Wb. 1987,1987,Weststeirisches Wörterbuch. Grammatik und Wortschatz nach Sachgruppen (=Schriften zur deutschen Sprache in Österreich 13–14),,Hutterer/Kainz/Walcher,Claus Jürgen/Walter/Eduard,Wien / Köln / Graz,Böhlau,,1,,,,Literatur,Fachliteratur,Wörterbuch
Winteler1889,Winteler 1889,1889,"Ueber die verbindung der ableitungssilbe got. -atj-, ahd. -azz- mit guttural ausgehenden staemmen resp. wurzeln. In: Beiträge zur Geschichte der deutschen Sprache und Literatur 14. 455-472",,Winteler,Jost,,,,,,,,Literatur,Fachliteratur,Wiss.Zeitschriftenartikel
WrWb1929,WrWb. 1929,1929,Wörterbuch des Wiener Dialekts,,Jakob,Julius,,,,,,,,Literatur,Fachliteratur,Wörterbuch
WrWb1951,WrWb. 1951,1951,Alt-Wienerisch. Ein Wörterbuch veraltender und veralteter Wiener Ausdrücke und Redensarten der letzten sieben Jahrzehnte.,,Schuster,Mauriz,Wien,,,,,,,Literatur,Fachliteratur,Wörterbuch
WrWb2002,WrWb. 2002,2002,"Wörterbuch der Wiener Mundart. 2., erw. u. verb. Aufl. mit mehr als 1000 neuen Stichwörtern und Ergänzungen",,Hornung/Grüner,Maria/Sigmar,Wien,öbv & hpt,,1,,,,Literatur,Fachliteratur,Wörterbuch
WSJP_online,WSJP online,2007–,Wielki słownik języka polskiego. Online,,,,Warszawa,Instytut Języka Polskiego PAN,https://wsjp.pl/,,,,,Literatur,,
Zöhrer1883,Zöhrer 1883,1883,"Allálai christligö Gsánger und Gspiel in der oberösterreichischen Volksmundart. Erläutert und hg. von Fellöcker, Sigmund",Band 1,Zöhrer,Eduard,Linz,,,,,,,Literatur,,
ZÖV1897_3,"ZÖV 1897, 3",1897,Zeitschrift für österreichische Volkskunde 1897 (3),Jahrgang 3,,,Wien,Verein für österreichische Volkskunde,,,,,,Literatur,Fachliteratur,Wiss.Zeitschrift
ZÖV1909_15,"ZÖV 1909, 15",1909,Zeitschrift für österreichische Volkskunde 1909 (15),Jahrgang 15,,,Wien,Verein für österreichische Volkskunde,,,,,,Literatur,Fachliteratur,Wiss.Zeitschrift
ZÖV1926_33,"ZÖV 1926, 33",1926,Zeitschrift für österreichische Volkskunde 1926 (33),Jahrgang 33 ,,,,,,,,,,Literatur,Fachliteratur,Wiss.Zeitschrift
ZÖVSuppl.1,ZÖV Suppl. 1,1900,"Zeitschrift für österreichische Volkskunde, Supplementheft 1",Supplementheft 1 zum Jahrgang 6 der ZÖV,,,Wien,Verein für österreichische Volkskunde,,,,,,Literatur,Fachliteratur,Wiss.Zeitschrift
Hösler2018,Hösler 2018,2018,Gottschee. In: Online-Lexikon zur Kultur und Geschichte der Deutschen im östlichen Europa. URL: http://ome-lexikon.uni-oldenburg.de/p32559,,Hösler,Joachim,Oldenburg,Universität Oldenburg,http://ome-lexikon.uni-oldenburg.de/p32559,,,,,Literatur,Fachliteratur,Lexikon
Schiffer1930,Schiffer 1930,1930,Gereimte Dorfweisheit. In: Tiroler Heimatblätter 8/7. S. 243–244. URL: https://ulb-digital.uibk.ac.at/obvuibz/periodical/pageview/9505827,,Schiffer,Hartmann,,,https://ulb-digital.uibk.ac.at/obvuibz/periodical/pageview/9505827,,,,,Literatur,,
,,,,,,,,,,,,,,Erhebung,große_Fragebögen,
,,,,,,,,,,,,,,Erhebung,Ergänzungsfragebögen,
,,,,,,,,,,,,,,Erhebung,Kundfahrten,
,,,,,,,,,,,,,,Erhebung,Fragebucherhebungen,
,,,,,,,,,,,,,,Sonstige,Sonstige,Sonstige
